Workbook

Sheet MASTER
A1: MASTER DATA & ASUMSI — isi sel kuning terlebih dahulu
B4: Nama Perusahaan | C4: PT GEMBIRA ANGGUN SETIA | E4: Muncul di judul laporan.
B5: Periode Pencatatan | C5: Agustus 2026 | E5: Format: Bulan Tahun.
B6: Harga BBM (Rp/Liter) | C6: 0
B7: Stok Awal BBM (Liter) | C7: 0
B8: DAFTAR ALAT / UNIT
B9: No Lambung | C9: Tipe Alat | D9: COST / ALAT | E9: Vendor | F9: Kapasitas Tangki (Ltr) | G9: Status
B10: BOMAG | C10: VIBRO | D10: 275000 | E10: PT GAS | F10: 400 | G10: Aktif
B11: EXCA GAS 001 | C11: PC 200 | D11: 275000 | E11: PT GAS | F11: 400 | G11: Aktif
B12: GAS 006 | C12: PC 300 | D12: 450000 | E12: PT GAS | F12: 400 | G12: Aktif
B13: GRADER | C13: LONG ARM | D13: 275000 | E13: PT GAS | F13: 400 | G13: Aktif
B14: KOBELCO LONG ARM | C14: GRADER | D14: 450000 | E14: PT GAS | F14: 400 | G14: Aktif
B15: KOMATSU | C15: LOADER | D15: 450000 | E15: PT GAS | F15: 400 | G15: Aktif
B16: LODER | E16: PT GAS | F16: 400 | G16: Aktif
B17: SDLG | E17: PT GAS | F17: 400 | G17: Aktif
B18: VIBRO/BOMAG | E18: PT GAS | F18: 400 | G18: Aktif
B19: XCMG | E19: PT GAS | F19: 400 | G19: Aktif
B20: EXCA SDLG PC 200 | E20: PT GAS | F20: 400 | G20: Aktif
B21: EXCA XCMG PC 200 | E21: PT GAS | F21: 400 | G21: Aktif
B22: EXCAVATOR XCMG PC 200 | E22: PT GAS | F22: 400 | G22: Aktif
B23: GREADER | E23: PT GAS | F23: 400 | G23: Aktif
B24: GREDER
B25: KOBELCO LONG ARM
B26: LOADER
B27: LODER
B28: PC 200
B29: SDLG
B30: VIBRO
B31: VIBRO/BOMAG
B32: XCMG
B41: Catatan: baris di atas adalah CONTOH. Ganti dengan daftar alat sebenarnya. Penulisan No Lambung di sheet HM dan BBM harus persis sama dengan daftar ini agar rekap otomatis akurat.

Sheet BBM
A1: PENCATATAN BAHAN BAKAR MINYAK (BBM) / SOLAR
A2: BULAN | B2: TANGGAL | C2: NAMA OPT / DRIVER | D2: ALAT / NO LAMBUNG | E2: DESKRIPSI AKTIVITAS | F2: LOKASI KEGIATAN | G2: BBM / LTR (KELUAR) | H2: BBM MASUK (LTR) | I2: SISA STOK (LTR) | J2: HARGA / LTR (RP) | K2: NILAI BBM KELUAR (RP) | L2: NILAI BBM MASUK (RP) | M2: KETERANGAN
A3: =IF(B3="","",TEXT(B3,"MMMM YYYY")) -> May 2026 | B3: 46154 | C3: ERWIN | D3: 01 HYUNDAI | E3: PERBAIKI JALAN | F3: PT CMM | G3: 50 | H3: 10000 | I3: =IF(B3="","",MASTER!$C$7+N(H3)-N(G3)) -> 9950 | J3: 19000 | K3: =IF(OR(B3="",J3=""),"",N(G3)*J3) -> 950000 | L3: =IF(OR(B3="",H3="",J3=""),"",N(H3)*J3) -> 190000000
A4: =IF(B4="","",TEXT(B4,"MMMM YYYY")) -> May 2026 | B4: 46154 | C4: PIKRAM | D4: 010 HYUNDAI | E4: PERBAIKI JALAN | F4: PT CMM | G4: 50 | I4: =IF(B4="","",IF(I3="",MASTER!$C$7,I3)+N(H4)-N(G4)) -> 9900 | J4: 19000 | K4: =IF(OR(B4="",J4=""),"",N(G4)*J4) -> 950000 | L4: =IF(OR(B4="",H4="",J4=""),"",N(H4)*J4)
A5: =IF(B5="","",TEXT(B5,"MMMM YYYY")) -> May 2026 | B5: 46154 | C5: ANTO | D5: LIUGONG | E5: PERBAIKI JALAN | F5: PT CMM | G5: 100 | I5: =IF(B5="","",IF(I4="",MASTER!$C$7,I4)+N(H5)-N(G5)) -> 9800 | J5: 19000 | K5: =IF(OR(B5="",J5=""),"",N(G5)*J5) -> 1900000 | L5: =IF(OR(B5="",H5="",J5=""),"",N(H5)*J5)
A6: =IF(B6="","",TEXT(B6,"MMMM YYYY")) -> May 2026 | B6: 46154 | C6: SANDRI | D6: 02 HYUNDAI | E6: PERBAIKI JALAN | F6: PT CMM | G6: 50 | I6: =IF(B6="","",IF(I5="",MASTER!$C$7,I5)+N(H6)-N(G6)) -> 9750 | J6: 19000 | K6: =IF(OR(B6="",J6=""),"",N(G6)*J6) -> 950000 | L6: =IF(OR(B6="",H6="",J6=""),"",N(H6)*J6)
A7: =IF(B7="","",TEXT(B7,"MMMM YYYY")) -> May 2026 | B7: 46154 | C7: LUKAS | D7: 025 DOOSAN | E7: PERBAIKI JALAN | F7: PT CMM | G7: 150 | I7: =IF(B7="","",IF(I6="",MASTER!$C$7,I6)+N(H7)-N(G7)) -> 9600 | J7: 19000 | K7: =IF(OR(B7="",J7=""),"",N(G7)*J7) -> 2850000 | L7: =IF(OR(B7="",H7="",J7=""),"",N(H7)*J7)
A8: =IF(B8="","",TEXT(B8,"MMMM YYYY")) -> May 2026 | B8: 46155 | C8: NUNUNG | D8: LOADER | E8: MAINTANANCE | F8: CV MKM | G8: 160 | I8: =IF(B8="","",IF(I7="",MASTER!$C$7,I7)+N(H8)-N(G8)) -> 9440 | J8: 19000 | K8: =IF(OR(B8="",J8=""),"",N(G8)*J8) -> 3040000 | L8: =IF(OR(B8="",H8="",J8=""),"",N(H8)*J8)
A9: =IF(B9="","",TEXT(B9,"MMMM YYYY")) -> May 2026 | B9: 46155 | C9: ARDI | D9: 07 DT HINO | E9: MUAT KUARSA | F9: PT CMM | G9: 100 | I9: =IF(B9="","",IF(I8="",MASTER!$C$7,I8)+N(H9)-N(G9)) -> 9340 | J9: 19000 | K9: =IF(OR(B9="",J9=""),"",N(G9)*J9) -> 1900000 | L9: =IF(OR(B9="",H9="",J9=""),"",N(H9)*J9)
A10: =IF(B10="","",TEXT(B10,"MMMM YYYY")) -> May 2026 | B10: 46155 | C10: ANCA | D10: DEVELON 300 | E10: PERBAIKI JALAN | F10: PT CMM | G10: 200 | I10: =IF(B10="","",IF(I9="",MASTER!$C$7,I9)+N(H10)-N(G10)) -> 9140 | J10: 19000 | K10: =IF(OR(B10="",J10=""),"",N(G10)*J10) -> 3800000 | L10: =IF(OR(B10="",H10="",J10=""),"",N(H10)*J10)
A11: =IF(B11="","",TEXT(B11,"MMMM YYYY")) -> May 2026 | B11: 46155 | C11: LUKAS | D11: HYUNDAI 300 | E11: PERBAIKI JALAN | F11: PT CMM | G11: 200 | I11: =IF(B11="","",IF(I10="",MASTER!$C$7,I10)+N(H11)-N(G11)) -> 8940 | J11: 19000 | K11: =IF(OR(B11="",J11=""),"",N(G11)*J11) -> 3800000 | L11: =IF(OR(B11="",H11="",J11=""),"",N(H11)*J11)
A12: =IF(B12="","",TEXT(B12,"MMMM YYYY")) -> May 2026 | B12: 46155 | C12: KADEK | D12: 05 DT HINO | E12: MUAT KUARSA | F12: PT CMM | G12: 100 | I12: =IF(B12="","",IF(I11="",MASTER!$C$7,I11)+N(H12)-N(G12)) -> 8840 | J12: 19000 | K12: =IF(OR(B12="",J12=""),"",N(G12)*J12) -> 1900000 | L12: =IF(OR(B12="",H12="",J12=""),"",N(H12)*J12)
A13: =IF(B13="","",TEXT(B13,"MMMM YYYY")) -> May 2026 | B13: 46155 | C13: DENDI | D13: 06 DT HINO | E13: MUAT KUARSA | F13: PT CMM | G13: 50 | I13: =IF(B13="","",IF(I12="",MASTER!$C$7,I12)+N(H13)-N(G13)) -> 8790 | J13: 19000 | K13: =IF(OR(B13="",J13=""),"",N(G13)*J13) -> 950000 | L13: =IF(OR(B13="",H13="",J13=""),"",N(H13)*J13)
A14: =IF(B14="","",TEXT(B14,"MMMM YYYY")) -> May 2026 | B14: 46155 | C14: FADLI | D14: ZOOMLION 05 | E14: PERBAIKI JALAN | F14: PT CMM | G14: 200 | I14: =IF(B14="","",IF(I13="",MASTER!$C$7,I13)+N(H14)-N(G14)) -> 8590 | J14: 19000 | K14: =IF(OR(B14="",J14=""),"",N(G14)*J14) -> 3800000 | L14: =IF(OR(B14="",H14="",J14=""),"",N(H14)*J14)
A15: =IF(B15="","",TEXT(B15,"MMMM YYYY")) -> May 2026 | B15: 46155 | C15: MADE SUDANA | D15: 04 DT HINO | E15: MUAT KUARSA | F15: PT CMM | G15: 100 | I15: =IF(B15="","",IF(I14="",MASTER!$C$7,I14)+N(H15)-N(G15)) -> 8490 | J15: 19000 | K15: =IF(OR(B15="",J15=""),"",N(G15)*J15) -> 1900000 | L15: =IF(OR(B15="",H15="",J15=""),"",N(H15)*J15)
... A61: =IF(B61="","",TEXT(B61,"MMMM YYYY")) -> May 2026 | B61: 46163 | C61: LUKAS | D61: 25 DOOSAN | E61: LOADING ORE | F61: PT CMM | G61: 270 | I61: =IF(B61="","",IF(I60="",MASTER!$C$7,I60)+N(H61)-N(G61)) -> 3243 | J61: 19000 | K61: =IF(OR(B61="",J61=""),"",N(G61)*J61) -> 5130000 | L61: =IF(OR(B61="",H61="",J61=""),"",N(H61)*J61)
A62: =IF(B62="","",TEXT(B62,"MMMM YYYY")) -> May 2026 | B62: 46164 | C62: DARMIN | D62: DT SRI 49 | E62: MUAT ORE | F62: PT SRI | G62: 50 | H62: 10000 | I62: =IF(B62="","",IF(I61="",MASTER!$C$7,I61)+N(H62)-N(G62)) -> 13193 | J62: 19000 | K62: =IF(OR(B62="",J62=""),"",N(G62)*J62) -> 950000 | L62: =IF(OR(B62="",H62="",J62=""),"",N(H62)*J62) -> 190000000
A63: =IF(B63="","",TEXT(B63,"MMMM YYYY")) -> May 2026 | B63: 46164 | C63: IKAL | D63: DT SRI 58 | E63: MUAT ORE | F63: PT SRI | G63: 50 | I63: =IF(B63="","",IF(I62="",MASTER!$C$7,I62)+N(H63)-N(G63)) -> 13143 | J63: 19000 | K63: =IF(OR(B63="",J63=""),"",N(G63)*J63) -> 950000 | L63: =IF(OR(B63="",H63="",J63=""),"",N(H63)*J63)
A64: =IF(B64="","",TEXT(B64,"MMMM YYYY")) -> May 2026 | B64: 46164 | C64: HASIM | D64: DT SRI 50 | E64: MUAT ORE | F64: PT SRI | G64: 50 | I64: =IF(B64="","",IF(I63="",MASTER!$C$7,I63)+N(H64)-N(G64)) -> 13093 | J64: 19000 | K64: =IF(OR(B64="",J64=""),"",N(G64)*J64) -> 950000 | L64: =IF(OR(B64="",H64="",J64=""),"",N(H64)*J64)
A65: =IF(B65="","",TEXT(B65,"MMMM YYYY")) -> May 2026 | B65: 46164 | C65: RIRIN | D65: DT SRI 52 | E65: MUAT ORE | F65: PT SRI | G65: 50 | I65: =IF(B65="","",IF(I64="",MASTER!$C$7,I64)+N(H65)-N(G65)) -> 13043 | J65: 19000 | K65: =IF(OR(B65="",J65=""),"",N(G65)*J65) -> 950000 | L65: =IF(OR(B65="",H65="",J65=""),"",N(H65)*J65)
A66: =IF(B66="","",TEXT(B66,"MMMM YYYY")) -> May 2026 | B66: 46164 | C66: MUH YUSRIL | D66: DT SRI 57 | E66: MUAT ORE | F66: PT SRI | G66: 50 | I66: =IF(B66="","",IF(I65="",MASTER!$C$7,I65)+N(H66)-N(G66)) -> 12993 | J66: 19000 | K66: =IF(OR(B66="",J66=""),"",N(G66)*J66) -> 950000 | L66: =IF(OR(B66="",H66="",J66=""),"",N(H66)*J66)
A67: =IF(B67="","",TEXT(B67,"MMMM YYYY")) -> May 2026 | B67: 46164 | C67: AKSAN | D67: DT SRI 45 | E67: MUAT ORE | F67: PT SRI | G67: 50 | I67: =IF(B67="","",IF(I66="",MASTER!$C$7,I66)+N(H67)-N(G67)) -> 12943 | J67: 19000 | K67: =IF(OR(B67="",J67=""),"",N(G67)*J67) -> 950000 | L67: =IF(OR(B67="",H67="",J67=""),"",N(H67)*J67)
A68: =IF(B68="","",TEXT(B68,"MMMM YYYY")) -> May 2026 | B68: 46164 | C68: KADEK | D68: 05 DT HINO | E68: MUAT ORE | F68: PT CMM | G68: 125 | I68: =IF(B68="","",IF(I67="",MASTER!$C$7,I67)+N(H68)-N(G68)) -> 12818 | J68: 19000 | K68: =IF(OR(B68="",J68=""),"",N(G68)*J68) -> 2375000 | L68: =IF(OR(B68="",H68="",J68=""),"",N(H68)*J68)
A69: =IF(B69="","",TEXT(B69,"MMMM YYYY")) -> May 2026 | B69: 46164 | C69: ARDI | D69: 07 DT HINO | E69: MUAT ORE | F69: PT CMM | G69: 95 | I69: =IF(B69="","",IF(I68="",MASTER!$C$7,I68)+N(H69)-N(G69)) -> 12723 | J69: 19000 | K69: =IF(OR(B69="",J69=""),"",N(G69)*J69) -> 1805000 | L69: =IF(OR(B69="",H69="",J69=""),"",N(H69)*J69)
A70: =IF(B70="","",TEXT(B70,"MMMM YYYY")) -> May 2026 | B70: 46164 | C70: DENDI | D70: 06 DT HINO | E70: MUAT ORE | F70: PT CMM | G70: 110 | I70: =IF(B70="","",IF(I69="",MASTER!$C$7,I69)+N(H70)-N(G70)) -> 12613 | J70: 19000 | K70: =IF(OR(B70="",J70=""),"",N(G70)*J70) -> 2090000 | L70: =IF(OR(B70="",H70="",J70=""),"",N(H70)*J70)
A71: =IF(B71="","",TEXT(B71,"MMMM YYYY")) -> May 2026 | B71: 46164 | C71: MADE SUDANA | D71: 02 DT MERCI | E71: MUAT ORE | F71: PT CMM | G71: 100 | I71: =IF(B71="","",IF(I70="",MASTER!$C$7,I70)+N(H71)-N(G71)) -> 12513 | J71: 19000 | K71: =IF(OR(B71="",J71=""),"",N(G71)*J71) -> 1900000 | L71: =IF(OR(B71="",H71="",J71=""),"",N(H71)*J71)
A72: =IF(B72="","",TEXT(B72,"MMMM YYYY")) -> May 2026 | B72: 46164 | C72: ADI | D72: LV MEKANIK | E72: PERBAIKI ALAT | F72: PT CMM | G72: 70 | I72: =IF(B72="","",IF(I71="",MASTER!$C$7,I71)+N(H72)-N(G72)) -> 12443 | J72: 19000 | K72: =IF(OR(B72="",J72=""),"",N(G72)*J72) -> 1330000 | L72: =IF(OR(B72="",H72="",J72=""),"",N(H72)*J72)
A73: =IF(B73="","",TEXT(B73,"MMMM YYYY")) -> May 2026 | B73: 46164 | C73: ADRIANTO | D73: 04 DT HINO | E73: MUAT ORE | F73: PT CMM | G73: 85 | I73: =IF(B73="","",IF(I72="",MASTER!$C$7,I72)+N(H73)-N(G73)) -> 12358 | J73: 19000 | K73: =IF(OR(B73="",J73=""),"",N(G73)*J73) -> 1615000 | L73: =IF(OR(B73="",H73="",J73=""),"",N(H73)*J73)
A74: =IF(B74="","",TEXT(B74,"MMMM YYYY")) -> May 2026 | B74: 46164 | C74: ANCA | D74: PC 300 DEVELON | E74: LOADING ORE | F74: PT CMM | G74: 245 | I74: =IF(B74="","",IF(I73="",MASTER!$C$7,I73)+N(H74)-N(G74)) -> 12113 | J74: 19000 | K74: =IF(OR(B74="",J74=""),"",N(G74)*J74) -> 4655000 | L74: =IF(OR(B74="",H74="",J74=""),"",N(H74)*J74)
... A138: =IF(B138="","",TEXT(B138,"MMMM YYYY")) -> May 2026 | B138: 46172 | C138: DARMIN | D138: DT FUSO 49 | E138: MUAT ORE | F138: PT SRI | G138: 50 | I138: =IF(B138="","",IF(I137="",MASTER!$C$7,I137)+N(H138)-N(G138)) -> 4643 | J138: 19000 | K138: =IF(OR(B138="",J138=""),"",N(G138)*J138) -> 950000 | L138: =IF(OR(B138="",H138="",J138=""),"",N(H138)*J138)
A139: =IF(B139="","",TEXT(B139,"MMMM YYYY")) -> May 2026 | B139: 46173 | C139: NURHASIM | D139: DT FUSO 50 | E139: MUAT ORE | F139: PT SRI | G139: 50 | H139: 5000 | I139: =IF(B139="","",IF(I138="",MASTER!$C$7,I138)+N(H139)-N(G139)) -> 9593 | J139: 19000 | K139: =IF(OR(B139="",J139=""),"",N(G139)*J139) -> 950000 | L139: =IF(OR(B139="",H139="",J139=""),"",N(H139)*J139) -> 95000000
A140: =IF(B140="","",TEXT(B140,"MMMM YYYY")) -> May 2026 | B140: 46173 | C140: RIAN | D140: DT FUSO 59 | E140: MUAT ORE | F140: PT SRI | G140: 50 | I140: =IF(B140="","",IF(I139="",MASTER!$C$7,I139)+N(H140)-N(G140)) -> 9543 | J140: 19000 | K140: =IF(OR(B140="",J140=""),"",N(G140)*J140) -> 950000 | L140: =IF(OR(B140="",H140="",J140=""),"",N(H140)*J140)
A141: =IF(B141="","",TEXT(B141,"MMMM YYYY")) -> May 2026 | B141: 46173 | C141: DARMIN | D141: DT FUSO 49 | E141: MUAT ORE | F141: PT SRI | G141: 50 | I141: =IF(B141="","",IF(I140="",MASTER!$C$7,I140)+N(H141)-N(G141)) -> 9493 | J141: 19000 | K141: =IF(OR(B141="",J141=""),"",N(G141)*J141) -> 950000 | L141: =IF(OR(B141="",H141="",J141=""),"",N(H141)*J141)
A142: =IF(B142="","",TEXT(B142,"MMMM YYYY")) -> May 2026 | B142: 46173 | C142: MUH YUSRIL | D142: DT FUSO 44 | E142: MUAT ORE | F142: PT SRI | G142: 50 | I142: =IF(B142="","",IF(I141="",MASTER!$C$7,I141)+N(H142)-N(G142)) -> 9443 | J142: 19000 | K142: =IF(OR(B142="",J142=""),"",N(G142)*J142) -> 950000 | L142: =IF(OR(B142="",H142="",J142=""),"",N(H142)*J142)
A143: =IF(B143="","",TEXT(B143,"MMMM YYYY")) -> May 2026 | B143: 46173 | C143: AKSAN | D143: DT FUSO 45 | E143: MUAT ORE | F143: PT SRI | G143: 50 | I143: =IF(B143="","",IF(I142="",MASTER!$C$7,I142)+N(H143)-N(G143)) -> 9393 | J143: 19000 | K143: =IF(OR(B143="",J143=""),"",N(G143)*J143) -> 950000 | L143: =IF(OR(B143="",H143="",J143=""),"",N(H143)*J143)
A144: =IF(B144="","",TEXT(B144,"MMMM YYYY")) -> May 2026 | B144: 46173 | C144: KESRAN | D144: DT FUSO 46 | E144: MUAT ORE | F144: PT SRI | G144: 50 | I144: =IF(B144="","",IF(I143="",MASTER!$C$7,I143)+N(H144)-N(G144)) -> 9343 | J144: 19000 | K144: =IF(OR(B144="",J144=""),"",N(G144)*J144) -> 950000 | L144: =IF(OR(B144="",H144="",J144=""),"",N(H144)*J144)
A145: =IF(B145="","",TEXT(B145,"MMMM YYYY")) -> May 2026 | B145: 46173 | C145: MUH YUSRIL | D145: DT FUSO 43 | E145: MUAT ORE | F145: PT SRI | G145: 50 | I145: =IF(B145="","",IF(I144="",MASTER!$C$7,I144)+N(H145)-N(G145)) -> 9293 | J145: 19000 | K145: =IF(OR(B145="",J145=""),"",N(G145)*J145) -> 950000 | L145: =IF(OR(B145="",H145="",J145=""),"",N(H145)*J145)
A146: =IF(B146="","",TEXT(B146,"MMMM YYYY")) -> May 2026 | B146: 46173 | C146: IKAL | D146: DT FUSO 58 | E146: MUAT ORE | F146: PT SRI | G146: 50 | I146: =IF(B146="","",IF(I145="",MASTER!$C$7,I145)+N(H146)-N(G146)) -> 9243 | J146: 19000 | K146: =IF(OR(B146="",J146=""),"",N(G146)*J146) -> 950000 | L146: =IF(OR(B146="",H146="",J146=""),"",N(H146)*J146)
A147: =IF(B147="","",TEXT(B147,"MMMM YYYY")) -> May 2026 | B147: 46173 | C147: TEDDY | D147: DT FUSO 42 | E147: MUAT ORE | F147: PT SRI | G147: 50 | I147: =IF(B147="","",IF(I146="",MASTER!$C$7,I146)+N(H147)-N(G147)) -> 9193 | J147: 19000 | K147: =IF(OR(B147="",J147=""),"",N(G147)*J147) -> 950000 | L147: =IF(OR(B147="",H147="",J147=""),"",N(H147)*J147)
A148: =IF(B148="","",TEXT(B148,"MMMM YYYY")) -> May 2026 | B148: 46173 | C148: SAMSUL | D148: DT HOWO 07 | E148: MUAT ORE | F148: RISAL BAS NAPAL | G148: 100 | I148: =IF(B148="","",IF(I147="",MASTER!$C$7,I147)+N(H148)-N(G148)) -> 9093 | J148: 19000 | K148: =IF(OR(B148="",J148=""),"",N(G148)*J148) -> 1900000 | L148: =IF(OR(B148="",H148="",J148=""),"",N(H148)*J148)
A149: =IF(B149="","",TEXT(B149,"MMMM YYYY")) -> May 2026 | B149: 46173 | C149: BAMBI | D149: DT HOWO 02 | E149: MUAT ORE | F149: RISAL BAS NAPAL | G149: 100 | I149: =IF(B149="","",IF(I148="",MASTER!$C$7,I148)+N(H149)-N(G149)) -> 8993 | J149: 19000 | K149: =IF(OR(B149="",J149=""),"",N(G149)*J149) -> 1900000 | L149: =IF(OR(B149="",H149="",J149=""),"",N(H149)*J149)
A150: =IF(B150="","",TEXT(B150,"MMMM YYYY")) -> May 2026 | B150: 46173 | C150: RAHUL | D150: DT HOWO 04 | E150: MUAT ORE | F150: RISAL BAS NAPAL | G150: 100 | I150: =IF(B150="","",IF(I149="",MASTER!$C$7,I149)+N(H150)-N(G150)) -> 8893 | J150: 19000 | K150: =IF(OR(B150="",J150=""),"",N(G150)*J150) -> 1900000 | L150: =IF(OR(B150="",H150="",J150=""),"",N(H150)*J150)
A151: =IF(B151="","",TEXT(B151,"MMMM YYYY")) -> May 2026 | B151: 46173 | C151: DENDI | D151: 06 DT HINO | E151: MUAT ORE | F151: PT CMM | G151: 80 | I151: =IF(B151="","",IF(I150="",MASTER!$C$7,I150)+N(H151)-N(G151)) -> 8813 | J151: 19000 | K151: =IF(OR(B151="",J151=""),"",N(G151)*J151) -> 1520000 | L151: =IF(OR(B151="",H151="",J151=""),"",N(H151)*J151)
... A199: =IF(B199="","",TEXT(B199,"MMMM YYYY")) -> June 2026 | B199: 46175 | C199: ANCA | D199: PC 300 DEVELON | E199: LOADING ORE | F199: PT CMM | G199: 100 | I199: =IF(B199="","",IF(I198="",MASTER!$C$7,I198)+N(H199)-N(G199)) -> 2303 | J199: 19000 | K199: =IF(OR(B199="",J199=""),"",N(G199)*J199) -> 1900000 | L199: =IF(OR(B199="",H199="",J199=""),"",N(H199)*J199)
A200: =IF(B200="","",TEXT(B200,"MMMM YYYY")) -> June 2026 | B200: 46176 | C200: KADEK | D200: 05 DT HINO | E200: MUAT ORE | F200: PT CMM | G200: 80 | H200: 10000 | I200: =IF(B200="","",IF(I199="",MASTER!$C$7,I199)+N(H200)-N(G200)) -> 12223 | J200: 19000 | K200: =IF(OR(B200="",J200=""),"",N(G200)*J200) -> 1520000 | L200: =IF(OR(B200="",H200="",J200=""),"",N(H200)*J200) -> 190000000
A201: =IF(B201="","",TEXT(B201,"MMMM YYYY")) -> June 2026 | B201: 46176 | C201: KADEK | D201: LOADER | E201: BARGING | F201: CV MKM | G201: 100 | I201: =IF(B201="","",IF(I200="",MASTER!$C$7,I200)+N(H201)-N(G201)) -> 12123 | J201: 19000 | K201: =IF(OR(B201="",J201=""),"",N(G201)*J201) -> 1900000 | L201: =IF(OR(B201="",H201="",J201=""),"",N(H201)*J201)
A202: =IF(B202="","",TEXT(B202,"MMMM YYYY")) -> June 2026 | B202: 46176 | C202: MADE SUDANA | D202: 02 DT MERCI | E202: MUAT ORE | F202: PT CMM | G202: 100 | I202: =IF(B202="","",IF(I201="",MASTER!$C$7,I201)+N(H202)-N(G202)) -> 12023 | J202: 19000 | K202: =IF(OR(B202="",J202=""),"",N(G202)*J202) -> 1900000 | L202: =IF(OR(B202="",H202="",J202=""),"",N(H202)*J202)
A203: =IF(B203="","",TEXT(B203,"MMMM YYYY")) -> June 2026 | B203: 46176 | C203: YOSEP SONI. B | D203: 017 PC 200 LIUGONG | E203: LOADING ORE | F203: PT CMM | G203: 200 | I203: =IF(B203="","",IF(I202="",MASTER!$C$7,I202)+N(H203)-N(G203)) -> 11823 | J203: 19000 | K203: =IF(OR(B203="",J203=""),"",N(G203)*J203) -> 3800000 | L203: =IF(OR(B203="",H203="",J203=""),"",N(H203)*J203)
A204: =IF(B204="","",TEXT(B204,"MMMM YYYY")) -> June 2026 | B204: 46176 | C204: PIKRAM | D204: PC 200 HYUNDAI 010 | E204: LOADING ORE | F204: PT CMM | G204: 200 | I204: =IF(B204="","",IF(I203="",MASTER!$C$7,I203)+N(H204)-N(G204)) -> 11623 | J204: 19000 | K204: =IF(OR(B204="",J204=""),"",N(G204)*J204) -> 3800000 | L204: =IF(OR(B204="",H204="",J204=""),"",N(H204)*J204)
A205: =IF(B205="","",TEXT(B205,"MMMM YYYY")) -> June 2026 | B205: 46176 | C205: LUKAS | D205: PC 200 DOOSAN 25 | E205: LOADING ORE | F205: PT CMM | G205: 200 | I205: =IF(B205="","",IF(I204="",MASTER!$C$7,I204)+N(H205)-N(G205)) -> 11423 | J205: 19000 | K205: =IF(OR(B205="",J205=""),"",N(G205)*J205) -> 3800000 | L205: =IF(OR(B205="",H205="",J205=""),"",N(H205)*J205)
A206: =IF(B206="","",TEXT(B206,"MMMM YYYY")) -> June 2026 | B206: 46176 | C206: RIDHO | D206: 019 PC 200 LIUGONG | E206: LOADING ORE | F206: PT CMM | G206: 200 | I206: =IF(B206="","",IF(I205="",MASTER!$C$7,I205)+N(H206)-N(G206)) -> 11223 | J206: 19000 | K206: =IF(OR(B206="",J206=""),"",N(G206)*J206) -> 3800000 | L206: =IF(OR(B206="",H206="",J206=""),"",N(H206)*J206)
A207: =IF(B207="","",TEXT(B207,"MMMM YYYY")) -> June 2026 | B207: 46176 | C207: SANDRI | D207: PC 200 HYUNDAI P (01) | E207: LOADING ORE | F207: PT CMM | G207: 200 | I207: =IF(B207="","",IF(I206="",MASTER!$C$7,I206)+N(H207)-N(G207)) -> 11023 | J207: 19000 | K207: =IF(OR(B207="",J207=""),"",N(G207)*J207) -> 3800000 | L207: =IF(OR(B207="",H207="",J207=""),"",N(H207)*J207)
A208: =IF(B208="","",TEXT(B208,"MMMM YYYY")) -> June 2026 | B208: 46176 | C208: ADRIANTO | D208: 04 DT HINO | E208: MUAT ORE | F208: PT CMM | G208: 80 | I208: =IF(B208="","",IF(I207="",MASTER!$C$7,I207)+N(H208)-N(G208)) -> 10943 | J208: 19000 | K208: =IF(OR(B208="",J208=""),"",N(G208)*J208) -> 1520000 | L208: =IF(OR(B208="",H208="",J208=""),"",N(H208)*J208)
A209: =IF(B209="","",TEXT(B209,"MMMM YYYY")) -> June 2026 | B209: 46176 | C209: MULYONO | D209: PC 300 HYUNDAI | E209: LOADING ORE | F209: PT CMM | G209: 200 | I209: =IF(B209="","",IF(I208="",MASTER!$C$7,I208)+N(H209)-N(G209)) -> 10743 | J209: 19000 | K209: =IF(OR(B209="",J209=""),"",N(G209)*J209) -> 3800000 | L209: =IF(OR(B209="",H209="",J209=""),"",N(H209)*J209)
A210: =IF(B210="","",TEXT(B210,"MMMM YYYY")) -> June 2026 | B210: 46176 | C210: HERDIN | D210: 016 PC 200 LIUGONG | E210: LOADING ORE | F210: PT CMM | G210: 150 | I210: =IF(B210="","",IF(I209="",MASTER!$C$7,I209)+N(H210)-N(G210)) -> 10593 | J210: 19000 | K210: =IF(OR(B210="",J210=""),"",N(G210)*J210) -> 2850000 | L210: =IF(OR(B210="",H210="",J210=""),"",N(H210)*J210)
A211: =IF(B211="","",TEXT(B211,"MMMM YYYY")) -> June 2026 | B211: 46176 | C211: ANDIKA | D211: KOBELKO SK - 27 | E211: LOADING ORE | F211: PT SRI | G211: 200 | I211: =IF(B211="","",IF(I210="",MASTER!$C$7,I210)+N(H211)-N(G211)) -> 10393 | J211: 19000 | K211: =IF(OR(B211="",J211=""),"",N(G211)*J211) -> 3800000 | L211: =IF(OR(B211="",H211="",J211=""),"",N(H211)*J211)
A212: =IF(B212="","",TEXT(B212,"MMMM YYYY")) -> June 2026 | B212: 46176 | C212: HENDAR | D212: 014 PC 200 LIUGONG | E212: LOADING ORE | F212: PT CMM | G212: 200 | I212: =IF(B212="","",IF(I211="",MASTER!$C$7,I211)+N(H212)-N(G212)) -> 10193 | J212: 19000 | K212: =IF(OR(B212="",J212=""),"",N(G212)*J212) -> 3800000 | L212: =IF(OR(B212="",H212="",J212=""),"",N(H212)*J212)
... A262: =IF(B262="","",TEXT(B262,"MMMM YYYY")) -> June 2026 | B262: 46180 | C262: AKSAN | D262: DT FUSO 45 | E262: MUAT ORE | F262: PT SRI | G262: 50 | I262: =IF(B262="","",IF(I261="",MASTER!$C$7,I261)+N(H262)-N(G262)) -> 2960 | J262: 19000 | K262: =IF(OR(B262="",J262=""),"",N(G262)*J262) -> 950000 | L262: =IF(OR(B262="",H262="",J262=""),"",N(H262)*J262)
A263: =IF(B263="","",TEXT(B263,"MMMM YYYY")) -> June 2026 | B263: 46181 | C263: AFDAL | D263: DT FUSO 45 | E263: MUAT ORE | F263: PT SRI | G263: 50 | H263: 10000 | I263: =IF(B263="","",IF(I262="",MASTER!$C$7,I262)+N(H263)-N(G263)) -> 12910 | J263: 19000 | K263: =IF(OR(B263="",J263=""),"",N(G263)*J263) -> 950000 | L263: =IF(OR(B263="",H263="",J263=""),"",N(H263)*J263) -> 190000000
A264: =IF(B264="","",TEXT(B264,"MMMM YYYY")) -> June 2026 | B264: 46181 | C264: RION | D264: DT FUSO 59 | E264: MUAT ORE | F264: PT SRI | G264: 50 | I264: =IF(B264="","",IF(I263="",MASTER!$C$7,I263)+N(H264)-N(G264)) -> 12860 | J264: 19000 | K264: =IF(OR(B264="",J264=""),"",N(G264)*J264) -> 950000 | L264: =IF(OR(B264="",H264="",J264=""),"",N(H264)*J264)
A265: =IF(B265="","",TEXT(B265,"MMMM YYYY")) -> June 2026 | B265: 46181 | C265: KESRAN | D265: DT FUSO 46 | E265: MUAT ORE | F265: PT SRI | G265: 50 | I265: =IF(B265="","",IF(I264="",MASTER!$C$7,I264)+N(H265)-N(G265)) -> 12810 | J265: 19000 | K265: =IF(OR(B265="",J265=""),"",N(G265)*J265) -> 950000 | L265: =IF(OR(B265="",H265="",J265=""),"",N(H265)*J265)
A266: =IF(B266="","",TEXT(B266,"MMMM YYYY")) -> June 2026 | B266: 46181 | C266: TEDY | D266: DT FUSO 46 | E266: MUAT ORE | F266: PT SRI | G266: 50 | I266: =IF(B266="","",IF(I265="",MASTER!$C$7,I265)+N(H266)-N(G266)) -> 12760 | J266: 19000 | K266: =IF(OR(B266="",J266=""),"",N(G266)*J266) -> 950000 | L266: =IF(OR(B266="",H266="",J266=""),"",N(H266)*J266)
A267: =IF(B267="","",TEXT(B267,"MMMM YYYY")) -> June 2026 | B267: 46181 | C267: NURHASIM | D267: DT FUSO 42 | E267: MUAT ORE | F267: PT SRI | G267: 50 | I267: =IF(B267="","",IF(I266="",MASTER!$C$7,I266)+N(H267)-N(G267)) -> 12710 | J267: 19000 | K267: =IF(OR(B267="",J267=""),"",N(G267)*J267) -> 950000 | L267: =IF(OR(B267="",H267="",J267=""),"",N(H267)*J267)
A268: =IF(B268="","",TEXT(B268,"MMMM YYYY")) -> June 2026 | B268: 46181 | C268: MUH YUSRIL | D268: DT FUSO 50 | E268: MUAT ORE | F268: PT SRI | G268: 50 | I268: =IF(B268="","",IF(I267="",MASTER!$C$7,I267)+N(H268)-N(G268)) -> 12660 | J268: 19000 | K268: =IF(OR(B268="",J268=""),"",N(G268)*J268) -> 950000 | L268: =IF(OR(B268="",H268="",J268=""),"",N(H268)*J268)
A269: =IF(B269="","",TEXT(B269,"MMMM YYYY")) -> June 2026 | B269: 46181 | C269: IKAL | D269: DT FUSI 58 | E269: MUAT ORE | F269: PT SRI | G269: 50 | I269: =IF(B269="","",IF(I268="",MASTER!$C$7,I268)+N(H269)-N(G269)) -> 12610 | J269: 19000 | K269: =IF(OR(B269="",J269=""),"",N(G269)*J269) -> 950000 | L269: =IF(OR(B269="",H269="",J269=""),"",N(H269)*J269)
A270: =IF(B270="","",TEXT(B270,"MMMM YYYY")) -> June 2026 | B270: 46181 | C270: RAHMAT | D270: DT FUSO 51 | E270: MUAT ORE | F270: PT SRI | G270: 50 | I270: =IF(B270="","",IF(I269="",MASTER!$C$7,I269)+N(H270)-N(G270)) -> 12560 | J270: 19000 | K270: =IF(OR(B270="",J270=""),"",N(G270)*J270) -> 950000 | L270: =IF(OR(B270="",H270="",J270=""),"",N(H270)*J270)
A271: =IF(B271="","",TEXT(B271,"MMMM YYYY")) -> June 2026 | B271: 46181 | C271: IRVAN | D271: XCMG B 9427 XGY | E271: MUAT ORE | F271: MENTERI AGAMA | G271: 100 | I271: =IF(B271="","",IF(I270="",MASTER!$C$7,I270)+N(H271)-N(G271)) -> 12460 | J271: 19000 | K271: =IF(OR(B271="",J271=""),"",N(G271)*J271) -> 1900000 | L271: =IF(OR(B271="",H271="",J271=""),"",N(H271)*J271)
A272: =IF(B272="","",TEXT(B272,"MMMM YYYY")) -> June 2026 | B272: 46181 | C272: DENDI | D272: 06 DT HINO | E272: MUAT ORE | F272: PT CMM | G272: 80 | I272: =IF(B272="","",IF(I271="",MASTER!$C$7,I271)+N(H272)-N(G272)) -> 12380 | J272: 19000 | K272: =IF(OR(B272="",J272=""),"",N(G272)*J272) -> 1520000 | L272: =IF(OR(B272="",H272="",J272=""),"",N(H272)*J272)
A273: =IF(B273="","",TEXT(B273,"MMMM YYYY")) -> June 2026 | B273: 46181 | C273: NUNUNG | D273: LOADER | E273: BARGING | F273: CV MKM | G273: 100 | I273: =IF(B273="","",IF(I272="",MASTER!$C$7,I272)+N(H273)-N(G273)) -> 12280 | J273: 19000 | K273: =IF(OR(B273="",J273=""),"",N(G273)*J273) -> 1900000 | L273: =IF(OR(B273="",H273="",J273=""),"",N(H273)*J273)
A274: =IF(B274="","",TEXT(B274,"MMMM YYYY")) -> June 2026 | B274: 46181 | C274: MUH ISWAN | D274: ZOOMLION 05 | E274: LOADING ORE | F274: PT CMM | G274: 200 | I274: =IF(B274="","",IF(I273="",MASTER!$C$7,I273)+N(H274)-N(G274)) -> 12080 | J274: 19000 | K274: =IF(OR(B274="",J274=""),"",N(G274)*J274) -> 3800000 | L274: =IF(OR(B274="",H274="",J274=""),"",N(H274)*J274)
A275: =IF(B275="","",TEXT(B275,"MMMM YYYY")) -> June 2026 | B275: 46181 | C275: ANDIKA | D275: KOBELKO SK - 27 | E275: LOADING ORE | F275: PT SRI | G275: 150 | I275: =IF(B275="","",IF(I274="",MASTER!$C$7,I274)+N(H275)-N(G275)) -> 11930 | J275: 19000 | K275: =IF(OR(B275="",J275=""),"",N(G275)*J275) -> 2850000 | L275: =IF(OR(B275="",H275="",J275=""),"",N(H275)*J275)
... A381: =IF(B381="","",TEXT(B381,"MMMM YYYY")) -> June 2026 | B381: 46190 | C381: RIKY | D381: HITACHI GAS 003 | E381: LOADING ORE | F381: PT GAS | G381: 196 | I381: =IF(B381="","",IF(I380="",MASTER!$C$7,I380)+N(H381)-N(G381)) -> 340 | J381: 19000 | K381: =IF(OR(B381="",J381=""),"",N(G381)*J381) -> 3724000 | L381: =IF(OR(B381="",H381="",J381=""),"",N(H381)*J381)
A382: =IF(B382="","",TEXT(B382,"MMMM YYYY")) -> June 2026 | B382: 46191 | C382: ARDI | D382: LIUGONG | E382: LIUGONG | F382: PT GAS | G382: 125 | H382: 5000 | I382: =IF(B382="","",IF(I381="",MASTER!$C$7,I381)+N(H382)-N(G382)) -> 5215 | J382: 17000 | K382: =IF(OR(B382="",J382=""),"",N(G382)*J382) -> 2125000 | L382: =IF(OR(B382="",H382="",J382=""),"",N(H382)*J382) -> 85000000
A383: =IF(B383="","",TEXT(B383,"MMMM YYYY")) -> June 2026 | B383: 46191 | C383: ARDI | D383: LIUGONG | E383: LIUGONG | F383: PT GAS | G383: 125 | H383: 0 | I383: =IF(B383="","",IF(I382="",MASTER!$C$7,I382)+N(H383)-N(G383)) -> 5090 | J383: 17000 | K383: =IF(OR(B383="",J383=""),"",N(G383)*J383) -> 2125000 | L383: =IF(OR(B383="",H383="",J383=""),"",N(H383)*J383) -> 0
A384: =IF(B384="","",TEXT(B384,"MMMM YYYY")) -> June 2026 | B384: 46191 | C384: ILHAM | D384: HITACHI | E384: HITACHI | F384: PT GAS | G384: 210 | H384: 5000 | I384: =IF(B384="","",IF(I383="",MASTER!$C$7,I383)+N(H384)-N(G384)) -> 9880 | J384: 17000 | K384: =IF(OR(B384="",J384=""),"",N(G384)*J384) -> 3570000 | L384: =IF(OR(B384="",H384="",J384=""),"",N(H384)*J384) -> 85000000
A385: =IF(B385="","",TEXT(B385,"MMMM YYYY")) -> June 2026 | B385: 46191 | C385: EDI/FIRMAN | D385: HITACHI | E385: HITACHI | F385: PT GAS | G385: 35 | H385: 0 | I385: =IF(B385="","",IF(I384="",MASTER!$C$7,I384)+N(H385)-N(G385)) -> 9845 | J385: 17000 | K385: =IF(OR(B385="",J385=""),"",N(G385)*J385) -> 595000 | L385: =IF(OR(B385="",H385="",J385=""),"",N(H385)*J385) -> 0
A386: =IF(B386="","",TEXT(B386,"MMMM YYYY")) -> June 2026 | B386: 46192 | C386: FIRMAN | D386: HITACHI | E386: HITACHI | F386: PT GAS | G386: 370 | H386: 0 | I386: =IF(B386="","",IF(I385="",MASTER!$C$7,I385)+N(H386)-N(G386)) -> 9475 | J386: 17000 | K386: =IF(OR(B386="",J386=""),"",N(G386)*J386) -> 6290000 | L386: =IF(OR(B386="",H386="",J386=""),"",N(H386)*J386) -> 0
A387: =IF(B387="","",TEXT(B387,"MMMM YYYY")) -> June 2026 | B387: 46192 | C387: ISNAN | D387: KOMATSU | E387: KOMATSU | F387: PT GAS | G387: 175 | H387: 0 | I387: =IF(B387="","",IF(I386="",MASTER!$C$7,I386)+N(H387)-N(G387)) -> 9300 | J387: 17000 | K387: =IF(OR(B387="",J387=""),"",N(G387)*J387) -> 2975000 | L387: =IF(OR(B387="",H387="",J387=""),"",N(H387)*J387) -> 0
A388: =IF(B388="","",TEXT(B388,"MMMM YYYY")) -> June 2026 | B388: 46193 | C388: JUNAEDI | D388: HITACHI | E388: HITACHI | F388: PT GAS | G388: 385 | H388: 0 | I388: =IF(B388="","",IF(I387="",MASTER!$C$7,I387)+N(H388)-N(G388)) -> 8915 | J388: 17000 | K388: =IF(OR(B388="",J388=""),"",N(G388)*J388) -> 6545000 | L388: =IF(OR(B388="",H388="",J388=""),"",N(H388)*J388) -> 0
A389: =IF(B389="","",TEXT(B389,"MMMM YYYY")) -> June 2026 | B389: 46193 | C389: HERI | D389: LV | E389: LV | F389: PT GAS | G389: 315 | H389: 0 | I389: =IF(B389="","",IF(I388="",MASTER!$C$7,I388)+N(H389)-N(G389)) -> 8600 | J389: 17000 | K389: =IF(OR(B389="",J389=""),"",N(G389)*J389) -> 5355000 | L389: =IF(OR(B389="",H389="",J389=""),"",N(H389)*J389) -> 0
A390: =IF(B390="","",TEXT(B390,"MMMM YYYY")) -> June 2026 | B390: 46193 | C390: HERI | D390: LV | E390: LV | F390: PT GAS | G390: 20 | H390: 0 | I390: =IF(B390="","",IF(I389="",MASTER!$C$7,I389)+N(H390)-N(G390)) -> 8580 | J390: 17000 | K390: =IF(OR(B390="",J390=""),"",N(G390)*J390) -> 340000 | L390: =IF(OR(B390="",H390="",J390=""),"",N(H390)*J390) -> 0
A391: =IF(B391="","",TEXT(B391,"MMMM YYYY")) -> June 2026 | B391: 46193 | C391: HERI | D391: LV | E391: LV | F391: PT GAS | G391: 105 | H391: 0 | I391: =IF(B391="","",IF(I390="",MASTER!$C$7,I390)+N(H391)-N(G391)) -> 8475 | J391: 17000 | K391: =IF(OR(B391="",J391=""),"",N(G391)*J391) -> 1785000 | L391: =IF(OR(B391="",H391="",J391=""),"",N(H391)*J391) -> 0
A392: =IF(B392="","",TEXT(B392,"MMMM YYYY")) -> June 2026 | B392: 46193 | C392: FIRMAN | D392: KOBELCO | E392: KOBELCO | F392: PT GAS | G392: 105 | H392: 0 | I392: =IF(B392="","",IF(I391="",MASTER!$C$7,I391)+N(H392)-N(G392)) -> 8370 | J392: 17000 | K392: =IF(OR(B392="",J392=""),"",N(G392)*J392) -> 1785000 | L392: =IF(OR(B392="",H392="",J392=""),"",N(H392)*J392) -> 0
A393: =IF(B393="","",TEXT(B393,"MMMM YYYY")) -> June 2026 | B393: 46193 | C393: HENDRA | D393: GREDER | E393: GREDER | F393: PT GAS | G393: 252 | H393: 0 | I393: =IF(B393="","",IF(I392="",MASTER!$C$7,I392)+N(H393)-N(G393)) -> 8118 | J393: 17000 | K393: =IF(OR(B393="",J393=""),"",N(G393)*J393) -> 4284000 | L393: =IF(OR(B393="",H393="",J393=""),"",N(H393)*J393) -> 0
... A438: =IF(B438="","",TEXT(B438,"MMMM YYYY")) -> July 2026 | B438: 46204 | C438: FIRMAN | D438: HITACHI | E438: STOCKPILE | F438: PT GAS | G438: 105 | H438: 0 | I438: =IF(B438="","",IF(I437="",MASTER!$C$7,I437)+N(H438)-N(G438)) -> 10399 | J438: 17000 | K438: =IF(OR(B438="",J438=""),"",N(G438)*J438) -> 1785000 | L438: =IF(OR(B438="",H438="",J438=""),"",N(H438)*J438) -> 0
A439: =IF(B439="","",TEXT(B439,"MMMM YYYY")) -> July 2026 | B439: 46204 | C439: HERY | D439: LV OPERASIONAL | E439: KONTROL MAINTENANCE | F439: PT GAS | G439: 20 | H439: 0 | I439: =IF(B439="","",IF(I438="",MASTER!$C$7,I438)+N(H439)-N(G439)) -> 10379 | J439: 17000 | K439: =IF(OR(B439="",J439=""),"",N(G439)*J439) -> 340000 | L439: =IF(OR(B439="",H439="",J439=""),"",N(H439)*J439) -> 0 | M439: NTN
A440: =IF(B440="","",TEXT(B440,"MMMM YYYY")) -> July 2026 | B440: 46205 | C440: IKRA | D440: LV OPERASIONAL | E440: KONTROL MAINTENANCE | F440: PT GAS | G440: 64 | H440: 0 | I440: =IF(B440="","",IF(I439="",MASTER!$C$7,I439)+N(H440)-N(G440)) -> 10315 | J440: 17000 | K440: =IF(OR(B440="",J440=""),"",N(G440)*J440) -> 1088000 | L440: =IF(OR(B440="",H440="",J440=""),"",N(H440)*J440) -> 0 | M440: NTN
A441: =IF(B441="","",TEXT(B441,"MMMM YYYY")) -> July 2026 | B441: 46205 | C441: FIRMAN | D441: ALAT SUMITOMO PERUSDA | E441: STOCKPILE | F441: PT GAS | G441: 35 | H441: 0 | I441: =IF(B441="","",IF(I440="",MASTER!$C$7,I440)+N(H441)-N(G441)) -> 10280 | J441: 17000 | K441: =IF(OR(B441="",J441=""),"",N(G441)*J441) -> 595000 | L441: =IF(OR(B441="",H441="",J441=""),"",N(H441)*J441) -> 0 | M441: NTN
A442: =IF(B442="","",TEXT(B442,"MMMM YYYY")) -> July 2026 | B442: 46206 | C442: LD IZHAR | D442: HITACHI | E442: STOCKPILE PSI | F442: PT GAS | G442: 70 | H442: 0 | I442: =IF(B442="","",IF(I441="",MASTER!$C$7,I441)+N(H442)-N(G442)) -> 10210 | J442: 17000 | K442: =IF(OR(B442="",J442=""),"",N(G442)*J442) -> 1190000 | L442: =IF(OR(B442="",H442="",J442=""),"",N(H442)*J442) -> 0 | M442: NTN
A443: =IF(B443="","",TEXT(B443,"MMMM YYYY")) -> July 2026 | B443: 46206 | C443: HERI | D443: TOWER LAMP | E443: JETTY AMI | F443: PT GAS | G443: 10 | H443: 0 | I443: =IF(B443="","",IF(I442="",MASTER!$C$7,I442)+N(H443)-N(G443)) -> 10200 | J443: 17000 | K443: =IF(OR(B443="",J443=""),"",N(G443)*J443) -> 170000 | L443: =IF(OR(B443="",H443="",J443=""),"",N(H443)*J443) -> 0
A444: =IF(B444="","",TEXT(B444,"MMMM YYYY")) -> July 2026 | B444: 46207 | C444: HARDIMAN | D444: GREADER (GAS 008) | E444: JETTY AMI | F444: PT GAS | G444: 193 | H444: 0 | I444: =IF(B444="","",IF(I443="",MASTER!$C$7,I443)+N(H444)-N(G444)) -> 10007 | J444: 17000 | K444: =IF(OR(B444="",J444=""),"",N(G444)*J444) -> 3281000 | L444: =IF(OR(B444="",H444="",J444=""),"",N(H444)*J444) -> 0
A445: =IF(B445="","",TEXT(B445,"MMMM YYYY")) -> July 2026 | B445: 46207 | C445: AKBAR | D445: BOMAG (GAS 009) | E445: JETTY AMI | F445: PT GAS | G445: 187 | H445: 0 | I445: =IF(B445="","",IF(I444="",MASTER!$C$7,I444)+N(H445)-N(G445)) -> 9820 | J445: 17000 | K445: =IF(OR(B445="",J445=""),"",N(G445)*J445) -> 3179000 | L445: =IF(OR(B445="",H445="",J445=""),"",N(H445)*J445) -> 0
A446: =IF(B446="","",TEXT(B446,"MMMM YYYY")) -> July 2026 | B446: 46207 | C446: SAIWAN | D446: TOWER LAMP 2 UNIT | E446: JETTY AMI | F446: PT GAS | G446: 20 | H446: 0 | I446: =IF(B446="","",IF(I445="",MASTER!$C$7,I445)+N(H446)-N(G446)) -> 9800 | J446: 17000 | K446: =IF(OR(B446="",J446=""),"",N(G446)*J446) -> 340000 | L446: =IF(OR(B446="",H446="",J446=""),"",N(H446)*J446) -> 0
A447: =IF(B447="","",TEXT(B447,"MMMM YYYY")) -> July 2026 | B447: 46209 | C447: SAIWAN | D447: KOMATSU 001 | E447: JETTY AMI | F447: PT GAS | G447: 140 | H447: 0 | I447: =IF(B447="","",IF(I446="",MASTER!$C$7,I446)+N(H447)-N(G447)) -> 9660 | J447: 17000 | K447: =IF(OR(B447="",J447=""),"",N(G447)*J447) -> 2380000 | L447: =IF(OR(B447="",H447="",J447=""),"",N(H447)*J447) -> 0
A448: =IF(B448="","",TEXT(B448,"MMMM YYYY")) -> July 2026 | B448: 46209 | C448: SAIWAN | D448: PC 200 XCMG (EXCA 001 GAS) | E448: JETTY AMI | F448: PT GAS | G448: 140 | H448: 0 | I448: =IF(B448="","",IF(I447="",MASTER!$C$7,I447)+N(H448)-N(G448)) -> 9520 | J448: 17000 | K448: =IF(OR(B448="",J448=""),"",N(G448)*J448) -> 2380000 | L448: =IF(OR(B448="",H448="",J448=""),"",N(H448)*J448) -> 0
A449: =IF(B449="","",TEXT(B449,"MMMM YYYY")) -> July 2026 | B449: 46209 | C449: SAIWAN | D449: TOWER LAMP | E449: JETTY AMI | F449: PT GAS | G449: 20 | H449: 0 | I449: =IF(B449="","",IF(I448="",MASTER!$C$7,I448)+N(H449)-N(G449)) -> 9500 | J449: 17000 | K449: =IF(OR(B449="",J449=""),"",N(G449)*J449) -> 340000 | L449: =IF(OR(B449="",H449="",J449=""),"",N(H449)*J449) -> 0
A450: =IF(B450="","",TEXT(B450,"MMMM YYYY")) -> July 2026 | B450: 46210 | C450: RONALD | D450: LOADER (GAS 009) | E450: MAINTENANCE JALAN | F450: PT GAS | G450: 247 | H450: 0 | I450: =IF(B450="","",IF(I449="",MASTER!$C$7,I449)+N(H450)-N(G450)) -> 9253 | J450: 17000 | K450: =IF(OR(B450="",J450=""),"",N(G450)*J450) -> 4199000 | L450: =IF(OR(B450="",H450="",J450=""),"",N(H450)*J450) -> 0
A451: =IF(B451="","",TEXT(B451,"MMMM YYYY")) -> July 2026 | B451: 46210 | C451: RAHMAT | D451: LIUGONG 005 | E451: STOCKPILE | F451: PT GAS | G451: 396 | H451: 0 | I451: =IF(B451="","",IF(I450="",MASTER!$C$7,I450)+N(H451)-N(G451)) -> 8857 | J451: 17000 | K451: =IF(OR(B451="",J451=""),"",N(G451)*J451) -> 6732000 | L451: =IF(OR(B451="",H451="",J451=""),"",N(H451)*J451) -> 0
A452: =IF(B452="","",TEXT(B452,"MMMM YYYY")) -> July 2026 | B452: 46210 | C452: SAIWAN | D452: TOWER LAMP 2 UNIT | E452: JETTY AMI | F452: PT GAS | G452: 20 | H452: 0 | I452: =IF(B452="","",IF(I451="",MASTER!$C$7,I451)+N(H452)-N(G452)) -> 8837 | J452: 17000 | K452: =IF(OR(B452="",J452=""),"",N(G452)*J452) -> 340000 | L452: =IF(OR(B452="",H452="",J452=""),"",N(H452)*J452) -> 0
A453: =IF(B453="","",TEXT(B453,"MMMM YYYY")) -> July 2026 | B453: 46211 | C453: RIKY | D453: HITACHI | E453: STOCKPILE | F453: PT GAS | G453: 328 | H453: 0 | I453: =IF(B453="","",IF(I452="",MASTER!$C$7,I452)+N(H453)-N(G453)) -> 8509 | J453: 17000 | K453: =IF(OR(B453="",J453=""),"",N(G453)*J453) -> 5576000 | L453: =IF(OR(B453="",H453="",J453=""),"",N(H453)*J453) -> 0
...

Sheet LAPORAN HM + BBM
B1: NO | C1: TANGGAL | D1: NAMA OPERATOR | E1: NO LAMBUNG ( ALAT ) | F1: JUMLAH BBM | G1: HM AWAL | H1: HM AKHIR | I1: TOTAL | J1: KETERANGAN
B2: 1 | C2: 46262 | D2: RONAL | E2: LOADER | F2: 150 | G2: 17455 | H2: 17460 | I2: =H2-G2 -> 5 | J2: ISI TIMBUNAN DI STP
B3: 2 | C3: 46263 | D3: RONAL | E3: LOADER | F3: 105 | G3: 17460 | H3: 17464.7 | I3: =H3-G3 -> 4.7 | J3: ISI BATU DT DI STP
B4: 3 | C4: 46264 | D4: RANTE | E4: SDLG 007 | F4: 0 | G4: 744.7 | H4: 751.9 | I4: =H4-G4 -> 7.2 | J4: MAINTENANCE JALAN
B5: 4 | C5: 46264 | D5: HARDI | E5: GREADER | F5: 0 | G5: 2860.9 | H5: 2865.3 | I5: =H5-G5 -> 4.4 | J5: MAINTENANCE JALAN
B6: 5 | C6: 46264 | D6: A. JUMRIN | E6: XCMG | F6: 35 | G6: 1069.2 | H6: 1077.3 | I6: =H6-G6 -> 8.1 | J6: JETTY AMI
B7: 6 | C7: 46264 | D7: RONAL | E7: LOADER | F7: 150 | G7: 17464.7 | H7: 17470 | I7: =H7-G7 -> 5.3 | J7: ISI TIMBUNAN
B8: 7 | C8: 46264 | D8: AKBAR | E8: BOMAG | F8: 0 | G8: 2445 | H8: 2449 | I8: =H8-G8 -> 4 | J8: MAINTENANCE
B9: 8 | C9: 46266 | D9: RONAL | E9: LOADER | F9: 0 | G9: 17470 | H9: 17472.6 | I9: =H9-G9 -> 2.6 | J9: MAINTENANCE JALAN
B10: 9 | C10: 46266 | D10: DEDI | E10: GREADER | F10: 0 | G10: 2865.3 | H10: 2872.3 | I10: =H10-G10 -> 7 | J10: MAINTENANCE JALAN
B11: 10 | C11: 46266 | D11: A. JUMRIN | E11: XCMG | F11: 0 | G11: 1086.1 | H11: 1091.2 | I11: =H11-G11 -> 5.1 | J11: STEL RAMDOR PPK
B12: 11 | C12: 46266 | D12: AKBAR | E12: BOMAG | F12: 0 | G12: 2449 | H12: 2455 | I12: =H12-G12 -> 6 | J12: BARGING PPK
B13: 12 | C13: 46267 | D13: RONAL | E13: LOADER | F13: 150 | G13: 17474.9 | H13: 17483 | I13: =H13-G13 -> 8.1 | J13: MAINTENANCE DEPAN RAMDOR
... B33: 33 | C33: 46275 | D33: DEDI | E33: GREADER | F33: 0 | G33: 2915.6 | H33: 2922.2 | I33: =H33-G33 -> 6.6 | J33: MAINTENANCE JALAN
B34: 34 | C34: 46276 | D34: RONAL | E34: LOADER | G34: 17510.1 | H34: 17513.4 | I34: =H34-G34 -> 3.3 | J34: BONGKAR MUATAN TONGKANG
B35: 35 | C35: 46276 | D35: AKBAR | E35: BOMAG | G35: 2490 | H35: 2493 | I35: =H35-G35 -> 3 | J35: MAINTENANCE JALAN
B36: 36 | C36: 46276 | D36: A. JUMRIN | E36: XCMG | G36: 1145.7 | H36: 1156.7 | I36: =H36-G36 -> 11 | J36: BONGKAR MUATAN TONGKANG
B37: 37 | C37: 46277 | D37: A. JUMRIN | E37: XCMG | G37: 1156.7 | H37: 1164.7 | I37: =H37-G37 -> 8 | J37: LIPAT TUMPUKAN ORE
B38: 38 | C38: 46277 | D38: RONAL | E38: LOADER | G38: 17513.4 | H38: 17516 | I38: =H38-G38 -> 2.6 | J38: ATUR TUMPUKAN ORE
B39: 39 | C39: 46279 | D39: RONAL | E39: LOADER | G39: 17516 | H39: 17518.8 | I39: =H39-G39 -> 2.8 | J39: BUAT SAFETY BOOM
B40: 40
B41: 41
B42: 42
B46: 40
B47: 41
B48: 42 | F48: =SUM(F2:F47) -> 1410

Sheet REKAP
A1: REKAP OTOMATIS — RINGKASAN UNTUK LAPORAN KE ATASAN
B6: RINGKASAN BBM & BIAYA
B7: Total BBM Masuk (Liter) | C7: =BBM!H685 -> 87340
B8: Total BBM Keluar (Liter) | C8: =BBM!G685 -> 86649
B9: Sisa Stok BBM (Liter) | C9: =MASTER!C7+BBM!H685-BBM!G685 -> 691
B10: Total Biaya BBM Terpakai (Rp) | C10: =BBM!K685 -> 1560043200
B11: Fuel Ratio Rata-rata (Ltr/HM) | C11: =IFERROR(BBM!G685/#REF!,"")
